Name,Summary,Category,Videos,Series,,
Bible Book Overviews,Bible Book Overviews,Theology - Biblical Studies,,,,
Bible Prophecy,Bible Prophecy,Theology - Biblical Studies,,,,
Bible Translation & Interpretation,Bible Translation & Interpretation,Theology - Biblical Studies,,,,
Inspiration & Inerrancy of the Bible,Inspiration & Inerrancy of the Bible,Theology - Biblical Studies,,,,
Kingdom of God,Kingdom of God,Theology - Biblical Studies,,,,
New Testament Biblical Figures,New Testament Biblical Figures,Theology - Biblical Studies,,,,
Old Testament Biblical Figures,Old Testament Biblical Figures,Theology - Biblical Studies,,,,
Redemptive History,Redemptive History,Theology - Biblical Studies,,,,
The Covenants,The Covenants,Theology - Biblical Studies,,,,
Theology- Biblical/Systematic,Theology- Biblical/Systematic,Theology - Biblical Studies,,,,
Imputed & Original Sin,Imputed & Original Sin,Theology - Sin,,,,
Indwelling Sin,Indwelling Sin,Theology - Sin,,,,
Satan,Satan,Theology - Sin,,,,
The Fall,The Fall,Theology - Sin,,,,
The Power & Effects of Sin,The Power & Effects of Sin,Theology - Sin,,,,
The Foreknowledge of God,The Foreknowledge of God,Theology - God,,,,
The Glory of God,The Glory of God,Theology - God,,,,
The Grace of God,The Grace of God,Theology - God,,,,
The Holiness of God,The Holiness of God,Theology - God,,,,
The Holy Spirit,The Holy Spirit,Theology - God,,,,
The Love of God,The Love of God,Theology - God,,,,
The Pleasures of God,The Pleasures of God,Theology - God,,,,
The Sovereignty of God,The Sovereignty of God,Theology - God,,,,
The Trinity,The Trinity,Theology - God,,,,
The Wrath of God,The Wrath of God,Theology - God,,,,
Creation,Creation,Theology - Salvation,,,,
End Times / Return of Christ,End Times / Return of Christ,Theology - Salvation,,,,
Faith,Faith,Theology - Salvation,,,,
Glorification / Resurrection of the Body,Glorification / Resurrection of the Body,Theology - Salvation,,,,
Heaven & Hell,Heaven & Hell,Theology - Salvation,,,,
Justification,Justification,Theology - Salvation,,,,
Perseverance of the Saints,Perseverance of the Saints,Theology - Salvation,,,,
Predestination/Election,Predestination/Election,Theology - Salvation,,,,
Regeneration / New Birth,Regeneration / New Birth,Theology - Salvation,,,,
Repentance,Repentance,Theology - Salvation,,,,
Sonship (Adoption by God),Sonship (Adoption by God),Theology - Salvation,,,,
The Gospel,The Gospel,Theology - Salvation,,,,
The Law,The Law,Theology - Salvation,,,,
The Birth of Christ/Incarnation,The Birth of Christ/Incarnation,Theology - Jesus Christ,,,,
The Death of Christ/Atonement/Priesthood,The Death of Christ/Atonement/Priesthood,Theology - Jesus Christ,,,,
The Deity of Christ/Person of Christ,The Deity of Christ/Person of Christ,Theology - Jesus Christ,,,,
The Life of Christ/Work/Miracles,The Life of Christ/Work/Miracles,Theology - Jesus Christ,,,,
The Resurrection of Christ,The Resurrection of Christ,Theology - Jesus Christ,,,,
The Supremacy of Christ,The Supremacy of Christ,Theology - Jesus Christ,,,,
Assurance of Salvation/Doubt,Assurance of Salvation/Doubt,Christian Life - Life Issues,,,,
Biblical Counseling,Biblical Counseling,Christian Life - Life Issues,,,,
Conscience,Conscience,Christian Life - Life Issues,,,,
Courage & Boldness,Courage & Boldness,Christian Life - Life Issues,,,,
Death & Dying,Death & Dying,Christian Life - Life Issues,,,,
Encouragement,Encouragement,Christian Life - Life Issues,,,,
Fear & Anxiety,Fear & Anxiety,Christian Life - Life Issues,,,,
Fellowship & Hospitality,Fellowship & Hospitality,Christian Life - Life Issues,,,,
Forgiving Others,Forgiving Others,Christian Life - Life Issues,,,,
Gratitude/Contentment,Gratitude/Contentment,Christian Life - Life Issues,,,,
Hope/Joy,Hope/Joy,Christian Life - Life Issues,,,,
Knowing God's Will/Guidance,Knowing God's Will/Guidance,Christian Life - Life Issues,,,,
Life of the Body,Life of the Body,Christian Life - Life Issues,,,,
Loving Others,Loving Others,Christian Life - Life Issues,,,,
Money,Money,Christian Life - Life Issues,,,,
Persecution & Martyrdom,Persecution & Martyrdom,Christian Life - Life Issues,,,,
Pride & Humility,Pride & Humility,Christian Life - Life Issues,,,,
Sexual Purity/Relationships,Sexual Purity/Relationships,Christian Life - Life Issues,,,,
Speech,Speech,Christian Life - Life Issues,,,,
Spiritual Warfare/Temptation,Spiritual Warfare/Temptation,Christian Life - Life Issues,,,,
Suffering/Sickness,Suffering/Sickness,Christian Life - Life Issues,,,,
Suicide,Suicide,Christian Life - Life Issues,,,,
Wisdom,Wisdom,Christian Life - Life Issues,,,,
Work & Vocation,Work & Vocation,Christian Life - Life Issues,,,,
Christian Freedom,Christian Freedom,Christian Life - Spiritual Growth,,,,
Devotional Life/Quiet Times,Devotional Life/Quiet Times,Christian Life - Spiritual Growth,,,,
Discipleship,Discipleship,Christian Life - Spiritual Growth,,,,
Education,Education,Christian Life - Spiritual Growth,,,,x
Fasting,Fasting,Christian Life - Spiritual Growth,,,,
Fruit of the Spirit,Fruit of the Spirit,Christian Life - Spiritual Growth,,,,
Giving,Giving,Christian Life - Spiritual Growth,,,,
Life of the Mind,Life of the Mind,Christian Life - Spiritual Growth,,,,
Personal Holiness/Obedience,Personal Holiness/Obedience,Christian Life - Spiritual Growth,,,,
Prayer,Prayer,Christian Life - Spiritual Growth,,,,
"Sanctification and Growth, God's Discipline","Sanctification and Growth, God's Discipline",Christian Life - Spiritual Growth,,,,
Spiritual Gifts/Serving,Spiritual Gifts/Serving,Christian Life - Spiritual Growth,,,,
Testimony,Testimony,Christian Life - Spiritual Growth,,,,
Biblical Manhood & Womanhood,Biblical Manhood & Womanhood,Family,,,,
Children,Children,Family,,,,
Divorce & Remarriage,Divorce & Remarriage,Family,,,,
Marriage,Marriage,Family,,,,
Men,Men,Family,,,,
Parenting,Parenting,Family,,,,
Women,Women,Family,,,,
Christian Unity,Christian Unity,Church - Church Life,,,,
Multi-Site Church Ministry,Multi-Site Church Ministry,Church - Church Life,,,,
Nature of the Church/Church Issues,Nature of the Church/Church Issues,Church - Church Life,,,,
Small Groups,Small Groups,Church - Church Life,,,,
Baptism & Church Membership,Baptism & Church Membership,Church - Practises,,,,
Christmas,Christmas,Church - Practises,,,,
Church Discipline,Church Discipline,Church - Practises,,,,
Easter,Easter,Church - Practises,,,,
The Lord's Day,The Lord's Day,Church - Practises,,,,
The Lord's Supper,The Lord's Supper,Church - Practises,,,,
Church Planting,Church Planting,Church - Practises,,,,
Evangelism,Evangelism,Church - Practises,,,,
Ministry/Urban Ministry,Ministry/Urban Ministry,Church - Practises,,,,
Missions,Missions,Church - Practises,,,,
Worship,Worship,Church - Practises,,,,
Biblical Eldership,Biblical Eldership,Church - Leadership,,,,
Pastoral Ministry,Pastoral Ministry,Church - Leadership,,,,
Preaching & Teaching,Preaching & Teaching,Church - Leadership,,,,
Spiritual Leadership,Spiritual Leadership,Church - Leadership,,,,
Women's Ministry,Women's Ministry,Church - Leadership,,,,
Youth and Children's Ministry,Youth and Children's Ministry,Church - Leadership,,,,
Atheism,Atheism,Worldview - Apologetics,,,,
Cults & The Occult,Cults & The Occult,Worldview - Apologetics,,,,
Evidence for the Faith,Evidence for the Faith,Worldview - Apologetics,,,,
False Teaching,False Teaching,Worldview - Apologetics,,,,
General Apologetics,General Apologetics,Worldview - Apologetics,,,,
Tough Texts,Tough Texts,Worldview - Apologetics,,,,
Truth,Truth,Worldview - Apologetics,,,,
World Religions,World Religions,Worldview - Apologetics,,,,
Art/Literature,Art/Literature,Worldview - Arts,,,,
Abortion/Bioethics,Abortion/Bioethics,Worldview - Ethics,,,,
Gender,Gender,Worldview - Ethics,,,,
Homosexuality,Homosexuality,Worldview - Ethics,,,,
Poverty,Poverty,Worldview - Ethics,,,,
Public Justice,Public Justice,Worldview - Ethics,,,,
Racial Harmony,Racial Harmony,Worldview - Ethics,,,,
Social Issues,Social Issues,Worldview - Ethics,,,,
Christianity in Public Life,Christianity in Public Life,Worldview - Public Life,,,,
Culture,Culture,Worldview - Public Life,,,,
Education - World View,Education,Worldview - Public Life,,,,x
Environment,Environment,Worldview - Public Life,,,,
Government/Politics,Government/Politics,Worldview - Public Life,,,,
Middle East,Middle East,Worldview - Public Life,,,,
Terrorism,Terrorism,Worldview - Public Life,,,,
Christian Biography,Christian Biography,History,,,,
Church History,Church History,History,,,,
